{"cameraMode":{"drawMode":0,"name":"Shaded","section":"Shading Mode"},"sceneLighting":true,"audioPlay":false,"sceneViewState":{"showFog":true,"showMaterialUpdate":false,"showSkybox":false,"showFlares":true,"showImageEffects":true,"showParticleSystems":true},"in2DMode":false,"pivot":{"x":0.067439503967762,"y":9.577561378479004,"z":-17.23956298828125},"rotation":{"x":0.061148833483457568,"y":-0.000009129296813625842,"z":-0.00012699536455329508,"w":0.9981552362442017},"size":2.0866496562957765,"orthographic":false}